{
  "config": {
    "initial_lr": 0.001,
    "lr_schedule": false,
    "epochs": 50,
    "batch_size": 256
  },
  "training_time": 400.77890133857727,
  "epoch_losses": [
    4.39867236083559,
    4.191053632824562,
    4.052327258350347,
    3.946058366393734,
    3.870086292850687,
    3.7975604733750643,
    3.7345728406938266,
    3.6719657957691823,
    3.6196817024076853,
    3.585237934561627,
    3.521318814692037,
    3.4866553270786245,
    3.4478611898983744,
    3.4266126880383903,
    3.388270608408558,
    3.3526624089948625,
    3.304654316877295,
    3.285214192460499,
    3.2380072643917814,
    3.198265566773441,
    3.1641359235366253,
    3.1355764437891516,
    3.1112547791386556,
    3.068703542003956,
    3.02779419287696,
    2.9844657375019,
    2.9669165315689194,
    2.928592759046439,
    2.889520519835378,
    2.8501812993272955,
    2.8329065533203175,
    2.7927812130808163,
    2.745269297307726,
    2.730354510944832,
    2.701765408593166,
    2.68335552229002,
    2.6503920796503015,
    2.6240771023098386,
    2.5965670804720884,
    2.571774906652512,
    2.5449577216797903,
    2.514548494481381,
    2.5061677126854,
    2.486587208642489,
    2.4421015613998898,
    2.4308170514756884,
    2.4217116618371164,
    2.3886395963404365,
    2.370337223878591,
    2.3385956229989753
  ],
  "epoch_accuracies": [
    0.0653,
    0.0852,
    0.1088,
    0.1184,
    0.1251,
    0.1339,
    0.1444,
    0.1515,
    0.1529,
    0.1587,
    0.1699,
    0.1711,
    0.1786,
    0.1888,
    0.194,
    0.1989,
    0.2009,
    0.2125,
    0.2127,
    0.2223,
    0.2237,
    0.2292,
    0.2366,
    0.2468,
    0.2569,
    0.2605,
    0.2601,
    0.278,
    0.2657,
    0.268,
    0.2683,
    0.2907,
    0.2909,
    0.2969,
    0.3071,
    0.3116,
    0.3146,
    0.3165,
    0.3288,
    0.326,
    0.34,
    0.3212,
    0.3426,
    0.3299,
    0.3437,
    0.3408,
    0.3498,
    0.3459,
    0.3721,
    0.3706
  ],
  "learning_rates": [
    0.001,
    0.001,
    0.001,
    0.001,
    0.001,
    0.001,
    0.001,
    0.001,
    0.001,
    0.001,
    0.001,
    0.001,
    0.001,
    0.001,
    0.001,
    0.001,
    0.001,
    0.001,
    0.001,
    0.001,
    0.001,
    0.001,
    0.001,
    0.001,
    0.001,
    0.001,
    0.001,
    0.001,
    0.001,
    0.001,
    0.001,
    0.001,
    0.001,
    0.001,
    0.001,
    0.001,
    0.001,
    0.001,
    0.001,
    0.001,
    0.001,
    0.001,
    0.001,
    0.001,
    0.001,
    0.001,
    0.001,
    0.001,
    0.001,
    0.001
  ],
  "best_accuracy": 0.3721
}