{
  "config": {
    "initial_lr": 0.1,
    "lr_schedule": false,
    "epochs": 50,
    "batch_size": 256
  },
  "training_time": 578.428163766861,
  "epoch_losses": [
    3.5892132647719044,
    2.9906669020523826,
    2.60564961147917,
    2.296701260665307,
    2.026125753284114,
    1.8455398265931229,
    1.7061420604341282,
    1.5580998375537374,
    1.4478666325676808,
    1.3584823725424975,
    1.262495488369301,
    1.1710810938134262,
    1.1123302662634844,
    1.0345875180934352,
    0.9681319170258738,
    0.9080483495499294,
    0.8702554985877071,
    0.8078571260580627,
    0.7614600920972816,
    0.7253499984264219,
    0.6825687992349911,
    0.6476858068963814,
    0.5988618343231122,
    0.5828016286121287,
    0.5409864909837295,
    0.5144847955720205,
    0.4764862998949888,
    0.46982138555566477,
    0.42766551550361254,
    0.42906100340781117,
    0.39321461464486385,
    0.37159311117034954,
    0.34781818306925183,
    0.3363748793821261,
    0.32880862111012676,
    0.313381714387693,
    0.2879928155079166,
    0.2717464148199203,
    0.2669642834086474,
    0.2563570783962967,
    0.24505386211636682,
    0.24798857984559683,
    0.23333791960587638,
    0.23978510461347594,
    0.22613360694163162,
    0.21874890623482832,
    0.22145370261121738,
    0.20465532719965393,
    0.18638727943472855,
    0.19018835003899692
  ],
  "epoch_accuracies": [
    0.1569,
    0.2529,
    0.318,
    0.3671,
    0.3927,
    0.4116,
    0.4688,
    0.4671,
    0.5047,
    0.5393,
    0.5451,
    0.5734,
    0.5875,
    0.5886,
    0.5913,
    0.6107,
    0.6017,
    0.6153,
    0.6168,
    0.61,
    0.6162,
    0.6092,
    0.6288,
    0.6266,
    0.6256,
    0.6364,
    0.6252,
    0.6345,
    0.6012,
    0.6232,
    0.6394,
    0.6276,
    0.6324,
    0.6312,
    0.6412,
    0.6268,
    0.6504,
    0.6373,
    0.6407,
    0.6467,
    0.6519,
    0.6468,
    0.6509,
    0.6362,
    0.6374,
    0.6554,
    0.631,
    0.6468,
    0.6528,
    0.6457
  ],
  "learning_rates": [
    0.1,
    0.1,
    0.1,
    0.1,
    0.1,
    0.1,
    0.1,
    0.1,
    0.1,
    0.1,
    0.1,
    0.1,
    0.1,
    0.1,
    0.1,
    0.1,
    0.1,
    0.1,
    0.1,
    0.1,
    0.1,
    0.1,
    0.1,
    0.1,
    0.1,
    0.1,
    0.1,
    0.1,
    0.1,
    0.1,
    0.1,
    0.1,
    0.1,
    0.1,
    0.1,
    0.1,
    0.1,
    0.1,
    0.1,
    0.1,
    0.1,
    0.1,
    0.1,
    0.1,
    0.1,
    0.1,
    0.1,
    0.1,
    0.1,
    0.1
  ],
  "best_accuracy": 0.6554
}