{
  "model": "resnet50",
  "config": {
    "epochs": 50,
    "batch_size": 256,
    "initial_lr": 0.1,
    "total_params": 23705252,
    "trainable_params": 23705252
  },
  "training_time": 3225.381225824356,
  "epoch_losses": [
    4.603782484082612,
    4.453290674512521,
    4.245822039087564,
    4.042988795182106,
    3.87212214846147,
    3.695879345677539,
    3.5080113689021073,
    3.3351852232527985,
    3.1720853188765075,
    2.988111201609215,
    2.80869728557691,
    2.6206525727188335,
    2.4217683286268974,
    2.2835350341263045,
    2.1465089411098197,
    2.015482114144906,
    1.923891757909202,
    1.8129201579571523,
    1.7310333058702243,
    1.639917800842645,
    1.5623075527706454,
    1.4958486391153927,
    1.4097948659485593,
    1.3541998799630344,
    1.2868272297889727,
    1.2112793081412143,
    1.158727193183812,
    1.1121568846170742,
    1.0740305384238111,
    0.997341124546726,
    0.6106500535292755,
    0.5260993185994031,
    0.48345645501776546,
    0.44247767352033596,
    0.4128489285056241,
    0.38228582739693434,
    0.35558131070976856,
    0.34041586897837295,
    0.3065412550152852,
    0.28967919293823857,
    0.24214396312980918,
    0.23688482765411512,
    0.22347483168821242,
    0.22025304156842834,
    0.22208239174403677,
    0.21469714016572822,
    0.21382364623676176,
    0.20813886304874957,
    0.20809095466622043,
    0.20602861435837888
  ],
  "epoch_accuracies": [
    0.0203,
    0.0338,
    0.0477,
    0.074,
    0.0882,
    0.1286,
    0.1584,
    0.1813,
    0.2143,
    0.2459,
    0.2726,
    0.3108,
    0.3576,
    0.3893,
    0.414,
    0.4246,
    0.4465,
    0.4679,
    0.4814,
    0.4926,
    0.5014,
    0.511,
    0.5202,
    0.5371,
    0.5363,
    0.5437,
    0.5581,
    0.5648,
    0.5612,
    0.5741,
    0.6433,
    0.642,
    0.6412,
    0.6422,
    0.6459,
    0.6378,
    0.6468,
    0.6423,
    0.6483,
    0.6442,
    0.6484,
    0.6512,
    0.6515,
    0.6482,
    0.6518,
    0.6472,
    0.6469,
    0.6472,
    0.6488,
    0.6487
  ],
  "learning_rates": [
    0.1,
    0.1,
    0.1,
    0.1,
    0.1,
    0.1,
    0.1,
    0.1,
    0.1,
    0.1,
    0.1,
    0.1,
    0.1,
    0.1,
    0.1,
    0.1,
    0.1,
    0.1,
    0.1,
    0.1,
    0.1,
    0.1,
    0.1,
    0.1,
    0.1,
    0.1,
    0.1,
    0.1,
    0.1,
    0.1,
    0.010000000000000002,
    0.010000000000000002,
    0.010000000000000002,
    0.010000000000000002,
    0.010000000000000002,
    0.010000000000000002,
    0.010000000000000002,
    0.010000000000000002,
    0.010000000000000002,
    0.010000000000000002,
    0.0010000000000000002,
    0.0010000000000000002,
    0.0010000000000000002,
    0.0010000000000000002,
    0.0010000000000000002,
    0.0010000000000000002,
    0.0010000000000000002,
    0.0010000000000000002,
    0.0010000000000000002,
    0.0010000000000000002
  ],
  "best_accuracy": 0.6518,
  "final_accuracy": 0.6487,
  "final_loss": 0.20602861435837888
}