{
  "model": "resnet50",
  "config": {
    "epochs": 50,
    "batch_size": 256,
    "initial_lr": 0.001,
    "total_params": 23705252,
    "trainable_params": 23705252
  },
  "training_time": 3231.163912296295,
  "epoch_losses": [
    3.9524170679730153,
    3.4294880171052093,
    2.9936195648325046,
    2.586889197198827,
    2.2691105088604906,
    2.095890648127367,
    1.9007665715892037,
    1.7242397513733854,
    1.6057490716764269,
    1.5153583368261798,
    1.4091439912336825,
    1.3170124634611808,
    1.2360966708326833,
    1.1868185335787902,
    1.0929534523053748,
    1.0444387849568844,
    0.9931033513445927,
    0.934080176538483,
    0.8960849978473924,
    0.8254615598809407,
    0.7963028333624661,
    0.7474547196964961,
    0.7074124775281116,
    0.6634356800423425,
    0.6363270467542913,
    0.5899054036208655,
    0.540729765885297,
    0.5162298351701635,
    0.48037474354240656,
    0.447804309441814,
    0.21059029260430923,
    0.1640785954456299,
    0.14414129783803628,
    0.1298933467471366,
    0.11764040844783563,
    0.11077662861303245,
    0.10534948545690392,
    0.09641455173463674,
    0.09697073390270078,
    0.09296525571702571,
    0.07450679303524092,
    0.07394155672451387,
    0.06882026746525452,
    0.06902294339523773,
    0.06419761760070108,
    0.07153384507878549,
    0.06426081098613909,
    0.06395258927742666,
    0.06137467608572149,
    0.06590650135637818
  ],
  "epoch_accuracies": [
    0.1208,
    0.1992,
    0.2407,
    0.3513,
    0.4138,
    0.3733,
    0.4541,
    0.5101,
    0.5308,
    0.5508,
    0.5485,
    0.5721,
    0.5892,
    0.5966,
    0.621,
    0.6187,
    0.6388,
    0.639,
    0.6324,
    0.6448,
    0.6633,
    0.6412,
    0.6618,
    0.6475,
    0.6568,
    0.6638,
    0.6803,
    0.6681,
    0.6605,
    0.6683,
    0.7272,
    0.7315,
    0.7305,
    0.732,
    0.7319,
    0.7309,
    0.7333,
    0.7288,
    0.7279,
    0.7294,
    0.733,
    0.7358,
    0.7354,
    0.7372,
    0.7349,
    0.7366,
    0.7347,
    0.7351,
    0.7352,
    0.7342
  ],
  "learning_rates": [
    0.001,
    0.001,
    0.001,
    0.001,
    0.001,
    0.001,
    0.001,
    0.001,
    0.001,
    0.001,
    0.001,
    0.001,
    0.001,
    0.001,
    0.001,
    0.001,
    0.001,
    0.001,
    0.001,
    0.001,
    0.001,
    0.001,
    0.001,
    0.001,
    0.001,
    0.001,
    0.001,
    0.001,
    0.001,
    0.001,
    0.0001,
    0.0001,
    0.0001,
    0.0001,
    0.0001,
    0.0001,
    0.0001,
    0.0001,
    0.0001,
    0.0001,
    1e-05,
    1e-05,
    1e-05,
    1e-05,
    1e-05,
    1e-05,
    1e-05,
    1e-05,
    1e-05,
    1e-05
  ],
  "best_accuracy": 0.7372,
  "final_accuracy": 0.7342,
  "final_loss": 0.06590650135637818,
  "model_checkpoint": "report/resnet50_adamw_best.pth"
}