{
  "config": {
    "initial_lr": 0.01,
    "lr_schedule": false,
    "epochs": 50,
    "batch_size": 256
  },
  "training_time": 526.3481574058533,
  "epoch_losses": [
    3.889896602721337,
    3.5017083452825415,
    3.2277973580545556,
    2.974379922714632,
    2.785239815103149,
    2.637276261907892,
    2.489970639850663,
    2.3711168646868517,
    2.2557600013410624,
    2.1455465474477027,
    2.0556843406593757,
    1.9628099041149936,
    1.8831561566401245,
    1.8155562215218999,
    1.768153095564721,
    1.6740108180703102,
    1.6590362598560036,
    1.5748912540634197,
    1.51686099013703,
    1.467865700866141,
    1.4321248027194748,
    1.384167400453499,
    1.3261034093706436,
    1.2997590446049632,
    1.2508239661037714,
    1.218525778981152,
    1.1930013061803935,
    1.1612298703350734,
    1.110514501995875,
    1.087437962094792,
    1.038630985310191,
    1.0023303524430833,
    0.9906980673998049,
    0.9609874955046851,
    0.9196346649832055,
    0.8962082656891447,
    0.8696987304838947,
    0.8488229164350548,
    0.8134082697703173,
    0.7883408203062323,
    0.7694587386403364,
    0.7526038511368139,
    0.7276504278603204,
    0.707356930573687,
    0.6823791952198401,
    0.6528915829449617,
    0.6209465174646714,
    0.6017923566858098,
    0.5945316574616824,
    0.565617113431771
  ],
  "epoch_accuracies": [
    0.1182,
    0.1741,
    0.1901,
    0.2597,
    0.2713,
    0.2798,
    0.3445,
    0.3649,
    0.4014,
    0.4255,
    0.3998,
    0.4248,
    0.4414,
    0.4505,
    0.4711,
    0.496,
    0.5009,
    0.5041,
    0.5283,
    0.4856,
    0.512,
    0.5363,
    0.5555,
    0.5538,
    0.5548,
    0.5593,
    0.5742,
    0.5629,
    0.5758,
    0.5663,
    0.5864,
    0.5814,
    0.5752,
    0.5893,
    0.5994,
    0.5965,
    0.6091,
    0.5992,
    0.5909,
    0.6113,
    0.5938,
    0.6161,
    0.6036,
    0.6168,
    0.6281,
    0.6115,
    0.6207,
    0.6241,
    0.6215,
    0.63
  ],
  "learning_rates": [
    0.01,
    0.01,
    0.01,
    0.01,
    0.01,
    0.01,
    0.01,
    0.01,
    0.01,
    0.01,
    0.01,
    0.01,
    0.01,
    0.01,
    0.01,
    0.01,
    0.01,
    0.01,
    0.01,
    0.01,
    0.01,
    0.01,
    0.01,
    0.01,
    0.01,
    0.01,
    0.01,
    0.01,
    0.01,
    0.01,
    0.01,
    0.01,
    0.01,
    0.01,
    0.01,
    0.01,
    0.01,
    0.01,
    0.01,
    0.01,
    0.01,
    0.01,
    0.01,
    0.01,
    0.01,
    0.01,
    0.01,
    0.01,
    0.01,
    0.01
  ],
  "best_accuracy": 0.63
}