{
  "config": {
    "initial_lr": 0.1,
    "lr_schedule": true,
    "epochs": 50,
    "batch_size": 256
  },
  "training_time": 474.0353031158447,
  "epoch_losses": [
    3.5557392768344025,
    2.9622889823438086,
    2.551130510176593,
    2.2140824897096345,
    2.0084621647205556,
    1.7869120810504113,
    1.6438789650181889,
    1.490609155722023,
    1.3893530299906334,
    1.2719949112772337,
    1.1881355105531883,
    1.1401465746271833,
    1.0659580829569417,
    1.006517393739892,
    0.941355983211835,
    0.8785363096213709,
    0.8328334305136046,
    0.7786981500157902,
    0.7299502892049934,
    0.6974237989864582,
    0.645558383389547,
    0.6211741662108407,
    0.5789361529918208,
    0.5610500366041175,
    0.5234625048290619,
    0.4924546980702371,
    0.4636992517505008,
    0.4356345542216396,
    0.4209817037587765,
    0.38705370426121,
    0.18545193636729487,
    0.1490641537060216,
    0.13589178851916747,
    0.12359438648473965,
    0.11371144530550256,
    0.10981835592889937,
    0.10158987157922429,
    0.09615616849706392,
    0.09456101498746006,
    0.0889088205819375,
    0.08258749409209228,
    0.0802558187913797,
    0.08147715916192991,
    0.08058693483836481,
    0.07868042357030576,
    0.07826543988357756,
    0.07661148543048525,
    0.07885175257081888,
    0.0775670881309005,
    0.07627127158779447
  ],
  "epoch_accuracies": [
    0.1582,
    0.2432,
    0.324,
    0.3948,
    0.3837,
    0.4654,
    0.4917,
    0.5373,
    0.5379,
    0.5645,
    0.5695,
    0.5834,
    0.5878,
    0.5933,
    0.6078,
    0.609,
    0.5983,
    0.6084,
    0.6157,
    0.6232,
    0.6286,
    0.623,
    0.635,
    0.6222,
    0.6153,
    0.6282,
    0.639,
    0.6415,
    0.631,
    0.6364,
    0.701,
    0.6981,
    0.7065,
    0.7012,
    0.7045,
    0.7076,
    0.7054,
    0.7039,
    0.7072,
    0.7057,
    0.7124,
    0.7087,
    0.7086,
    0.7096,
    0.7042,
    0.7044,
    0.7083,
    0.71,
    0.7089,
    0.7087
  ],
  "learning_rates": [
    0.1,
    0.1,
    0.1,
    0.1,
    0.1,
    0.1,
    0.1,
    0.1,
    0.1,
    0.1,
    0.1,
    0.1,
    0.1,
    0.1,
    0.1,
    0.1,
    0.1,
    0.1,
    0.1,
    0.1,
    0.1,
    0.1,
    0.1,
    0.1,
    0.1,
    0.1,
    0.1,
    0.1,
    0.1,
    0.1,
    0.010000000000000002,
    0.010000000000000002,
    0.010000000000000002,
    0.010000000000000002,
    0.010000000000000002,
    0.010000000000000002,
    0.010000000000000002,
    0.010000000000000002,
    0.010000000000000002,
    0.010000000000000002,
    0.0010000000000000002,
    0.0010000000000000002,
    0.0010000000000000002,
    0.0010000000000000002,
    0.0010000000000000002,
    0.0010000000000000002,
    0.0010000000000000002,
    0.0010000000000000002,
    0.0010000000000000002,
    0.0010000000000000002
  ],
  "best_accuracy": 0.7124
}