{
  "model": "resnet18",
  "config": {
    "epochs": 50,
    "batch_size": 256,
    "initial_lr": 0.1,
    "total_params": 11220132,
    "trainable_params": 11220132
  },
  "training_time": 883.2599647045135,
  "epoch_losses": [
    3.6585038245250274,
    3.0912434848066757,
    2.6201993213988266,
    2.2423158461396198,
    1.9440593462442182,
    1.7149932608289848,
    1.558199486249019,
    1.4210345298244351,
    1.3036962271879273,
    1.2094983377042707,
    1.1079584078276208,
    1.0384572239133256,
    0.9693753805261163,
    0.9044733583194101,
    0.8299266776592608,
    0.7803762765756855,
    0.7204834352161618,
    0.6804850901377748,
    0.6313765671182449,
    0.5879324703854227,
    0.5354857389027785,
    0.5204568735499587,
    0.4670775946111961,
    0.44447633556722665,
    0.4239080592004722,
    0.38948800262591554,
    0.37897464799370734,
    0.325191181505888,
    0.3233656619362491,
    0.2954524771333766,
    0.11698199527772389,
    0.08510183545018865,
    0.07259054335141582,
    0.061885602473556206,
    0.055060500341644524,
    0.0516235196160142,
    0.04762399417936495,
    0.04560428033733087,
    0.04100039575419575,
    0.03938027982492655,
    0.035275288974589515,
    0.03400619649255962,
    0.03456601656482712,
    0.03299055384137245,
    0.034463701372346854,
    0.03266557835111946,
    0.03284728065773736,
    0.0330516313052475,
    0.031953968048465974,
    0.03469363316301007
  ],
  "epoch_accuracies": [
    0.1397,
    0.2204,
    0.3054,
    0.3676,
    0.4244,
    0.4661,
    0.5029,
    0.5333,
    0.5327,
    0.5533,
    0.5586,
    0.5952,
    0.5915,
    0.6061,
    0.5977,
    0.6146,
    0.6206,
    0.5974,
    0.5973,
    0.6203,
    0.6486,
    0.6356,
    0.6275,
    0.633,
    0.5949,
    0.6417,
    0.6424,
    0.6376,
    0.6368,
    0.6378,
    0.7084,
    0.7102,
    0.7139,
    0.718,
    0.7148,
    0.7127,
    0.7134,
    0.7136,
    0.7153,
    0.7154,
    0.7155,
    0.7161,
    0.7124,
    0.7167,
    0.7148,
    0.7211,
    0.7182,
    0.7208,
    0.7171,
    0.7196
  ],
  "learning_rates": [
    0.1,
    0.1,
    0.1,
    0.1,
    0.1,
    0.1,
    0.1,
    0.1,
    0.1,
    0.1,
    0.1,
    0.1,
    0.1,
    0.1,
    0.1,
    0.1,
    0.1,
    0.1,
    0.1,
    0.1,
    0.1,
    0.1,
    0.1,
    0.1,
    0.1,
    0.1,
    0.1,
    0.1,
    0.1,
    0.1,
    0.010000000000000002,
    0.010000000000000002,
    0.010000000000000002,
    0.010000000000000002,
    0.010000000000000002,
    0.010000000000000002,
    0.010000000000000002,
    0.010000000000000002,
    0.010000000000000002,
    0.010000000000000002,
    0.0010000000000000002,
    0.0010000000000000002,
    0.0010000000000000002,
    0.0010000000000000002,
    0.0010000000000000002,
    0.0010000000000000002,
    0.0010000000000000002,
    0.0010000000000000002,
    0.0010000000000000002,
    0.0010000000000000002
  ],
  "best_accuracy": 0.7211,
  "final_accuracy": 0.7196,
  "final_loss": 0.03469363316301007
}