{
  "model": "resnet10",
  "config": {
    "epochs": 50,
    "batch_size": 256,
    "initial_lr": 0.1,
    "total_params": 4949412,
    "trainable_params": 4949412
  },
  "training_time": 404.0315239429474,
  "epoch_losses": [
    3.6093567549869023,
    3.066050846199087,
    2.6390382055098316,
    2.2859593268530114,
    2.0357985996579835,
    1.8113127082181948,
    1.6723600051290388,
    1.5333089310950985,
    1.4225376092275301,
    1.3146488003781787,
    1.2172759556716874,
    1.145659993399554,
    1.0676237535959696,
    1.0179743367493799,
    0.955744979095511,
    0.902096574209535,
    0.8528851823691993,
    0.7795330640540667,
    0.7493408879204044,
    0.7028581950340952,
    0.669075602626554,
    0.6204991704803178,
    0.5887946045466573,
    0.5541855937469887,
    0.532039972085514,
    0.5058185829432488,
    0.4642650420609874,
    0.4366677553366359,
    0.429440385605267,
    0.41063508304808616,
    0.1930510180629341,
    0.15648146588916143,
    0.14198108254593184,
    0.1266625575179468,
    0.1160835731566606,
    0.11245187629429092,
    0.10563672804258646,
    0.10304946653629052,
    0.09695969783778716,
    0.09178238595457874,
    0.0849609567303833,
    0.08354004849438561,
    0.08204511693510279,
    0.08215920918422448,
    0.08073292663419643,
    0.0799122044235001,
    0.08008171165304828,
    0.08077640792909929,
    0.07859515391233253,
    0.07808469720663838
  ],
  "epoch_accuracies": [
    0.1519,
    0.2446,
    0.3233,
    0.3429,
    0.4256,
    0.4802,
    0.5009,
    0.5284,
    0.5385,
    0.5469,
    0.5835,
    0.5902,
    0.5767,
    0.6142,
    0.5972,
    0.5971,
    0.6267,
    0.6166,
    0.6083,
    0.6226,
    0.6241,
    0.6315,
    0.6351,
    0.6289,
    0.6369,
    0.6301,
    0.6241,
    0.6393,
    0.6271,
    0.6332,
    0.702,
    0.7038,
    0.704,
    0.7048,
    0.7094,
    0.7086,
    0.7095,
    0.7008,
    0.7086,
    0.7064,
    0.7053,
    0.7086,
    0.7114,
    0.7086,
    0.7084,
    0.7094,
    0.7071,
    0.7103,
    0.7089,
    0.7121
  ],
  "learning_rates": [
    0.1,
    0.1,
    0.1,
    0.1,
    0.1,
    0.1,
    0.1,
    0.1,
    0.1,
    0.1,
    0.1,
    0.1,
    0.1,
    0.1,
    0.1,
    0.1,
    0.1,
    0.1,
    0.1,
    0.1,
    0.1,
    0.1,
    0.1,
    0.1,
    0.1,
    0.1,
    0.1,
    0.1,
    0.1,
    0.1,
    0.010000000000000002,
    0.010000000000000002,
    0.010000000000000002,
    0.010000000000000002,
    0.010000000000000002,
    0.010000000000000002,
    0.010000000000000002,
    0.010000000000000002,
    0.010000000000000002,
    0.010000000000000002,
    0.0010000000000000002,
    0.0010000000000000002,
    0.0010000000000000002,
    0.0010000000000000002,
    0.0010000000000000002,
    0.0010000000000000002,
    0.0010000000000000002,
    0.0010000000000000002,
    0.0010000000000000002,
    0.0010000000000000002
  ],
  "best_accuracy": 0.7121,
  "final_accuracy": 0.7121,
  "final_loss": 0.07808469720663838
}